PaisDestino,Anio,ValorMilesFOBDol,ValorMilesPesos,VolumenToneladas
Estados Unidos,2017,1210398.6400000008,3571003149.070003,323823.81000000035
Estados Unidos,2016,1092818.6199999996,3333148199.009997,310901.5100000001
Estados Unidos,2015,1151949.1800000002,3168272472.2099996,301876.46000000025
Estados Unidos,2018,912258.5699999989,2655861169.4100037,269273.69999999995
Estados Unidos,2014,1109365.0900000015,2230233015.2399964,265568.42000000045
Estados Unidos,2013,937305.7899999992,1754162759.0100017,246440.1000000002
Estados Unidos,2007,648530.4500000001,1347017407.9299996,229983.98999999987
Estados Unidos,2006,568911.6000000002,1336332118.5400012,218695.90000000002
Estados Unidos,2008,681485.08,1327572214.0700011,204657.16000000018
Estados Unidos,2011,1236393.25,2298441779.3999977,197782.8900000002
Estados Unidos,2009,750059.3099999998,1619334361.15,196106.12999999995
Estados Unidos,2010,858784.2400000005,1631581050.32,172794.5800000001
Estados Unidos,2012,909923.3800000006,1636872647.0899997,172459.15000000017
Alemania,2007,252658.38999999975,523211157.6399999,90049.57
Japón,2006,225934.8600000001,532879801.48000014,86716.49
Alemania,2006,211174.59000000003,497918516.87,83815.19999999994
Japón,2010,387520.8299999999,736767196.0200006,81731.07999999999
Japón,2007,228345.10999999987,472163898.72,79416.14000000004
Japón,2015,289667.8799999999,782167536.8199999,79048.64000000001
Japón,2009,266849.9399999999,582792064.1199994,75613.92000000001
Japón,2016,258028.67999999993,776827187.889999,74494.22000000002
Japón,2017,269399.11999999994,793212519.4800001,72959.05999999998
Alemania,2016,243312.10000000012,740505450.2100003,72192.56
Japón,2008,238912.31000000023,463135697.65000015,71227.85999999999
Japón,2013,243306.35999999996,454057516.93,66140.83999999998
Alemania,2015,227320.10999999996,622267364.6999997,61275.56
Japón,2014,254564.06999999983,508871940.86999965,59501.719999999994
Japón,2011,366178.98000000004,675440438.1399999,57893.219999999965
Canadá,2016,183429.2200000001,556704579.6199995,55978.959999999955
Bélgica,2015,214848.13000000006,580554734.5399998,55644.22999999998
Alemania,2017,208055.7199999998,613258001.5400002,55059.34999999997
Alemania,2008,187635.16999999995,363435380.45999986,54550.76000000001
Japón,2018,177665.5499999999,514723381.0200001,54343.659999999996
Canadá,2017,190682.23000000004,562106734.4000005,53846.520000000004
Alemania,2014,223219.22000000003,450309854.81,53551.8
Alemania,2018,173510.58000000002,504049705.4000001,50881.84999999995
Bélgica,2014,211492.61000000004,426370003.62999994,48436.569999999985
Canadá,2018,151122.96000000005,438984032.66,48183.619999999995
Canadá,2015,166787.06999999995,454978488.33,47032.64999999997
Bélgica,2007,128306.78,269297598.40000015,46531.270000000026
Canadá,2014,181910.24999999994,362154586.1799997,44988.349999999984
Japón,2012,228722.79000000007,411255664.6999999,44126.27999999997
Bélgica,2016,158528.08999999994,483740891.0799999,43763.88000000004
Bélgica,2013,166851.78,310513441.97999996,41262.66999999997
Alemania,2013,153046.14,285991109.68000007,40450.22000000001
Canadá,2013,122991.13000000006,229719799.02000004,36086.93000000001
Bélgica,2017,135229.28999999998,398015733.49999976,35030.62000000002
Bélgica,2008,116623.04000000001,226442789.49000004,34930.710000000014
Bélgica,2011,228526.72999999995,425629893.8400002,34563.82000000001
Canadá,2006,85261.36999999995,201236499.75999996,34499.42999999999
Canadá,2010,150670.00999999992,285996831.33000004,32727.549999999977
Bélgica,2006,84088.85000000002,198665812.04,32605.01
Canadá,2007,88823.83999999997,183220202.00000003,32508.43999999997
Bélgica,2010,155165.5900000001,295192962.77999985,31367.36000000002
Bélgica,2012,164915.47999999998,296061722.25999993,31365.489999999987
Canadá,2012,146761.33000000002,263685546.11999997,31309.950000000008
Canadá,2011,184974.99999999994,341933687.19000036,30955.680000000004
Bélgica,2009,108542.81999999999,235355124.6099999,30590.83999999999
Canadá,2009,103223.35999999997,222233153.19999996,30212.09999999999
Canadá,2008,96247.61000000002,185416022.3899999,29882.73000000001
Bélgica,2018,104408.84,302744200.02000016,29131.21000000001
Alemania,2009,104661.95000000006,228141961.6400001,28412.66999999998
Corea,2016,94982.43000000001,287634087.4700001,28381.159999999993
Corea,2017,96148.64000000006,283897881.2,26595.009999999987
Reino Unido,2007,75478.56999999999,155725633.94000018,25473.160000000003
Reino Unido,2011,166919.06999999995,308676816.73999983,24653.17999999999
Alemania,2011,162384.95,300954542.8400001,24471.849999999995
Italia,2007,65173.82000000001,135032369.64,24244.060000000012
Reino Unido,2008,82227.73000000001,158743513.09999993,24157.41
Alemania,2012,128374.56999999999,230664102.99999994,23935.549999999996
Corea,2018,76804.92,222357068.99,23366.990000000013
Reino Unido,2014,102578.76999999999,205841124.28000024,23327.289999999986
Italia,2006,56209.28,131663535.48000005,23204.08
Italia,2016,73201.94,223147122.18999985,22858.940000000002
Reino Unido,2017,83786.76999999999,246961220.48000002,22460.679999999997
Reino Unido,2006,59008.22000000003,139573907.50000006,21349.559999999998
Italia,2015,77379.18000000001,204554615.9400001,21127.180000000008
Corea,2014,82231.40999999999,165355683.65000004,20624.91999999999
Reino Unido,2016,77738.01000000005,236942258.54999992,20615.789999999997
Corea,2015,73614.71,199392918.11000007,20474.24
Italia,2017,71645.81000000003,211193584.03999993,20445.990000000005
Reino Unido,2012,110765.98999999996,198581956.6,20093.489999999994
España,2007,55722.68999999997,115066673.45000005,19884.85000000001
Italia,2008,62475.750000000015,120490250.37000008,19430.670000000002
Reino Unido,2009,68821.92999999996,150709791.96999997,19351.07999999999
Reino Unido,2015,72180.00999999994,201539678.4500002,18833.729999999996
Reino Unido,2013,72561.08000000006,135182082.71000004,18813.03000000001
España,2016,64999.739999999976,198118357.08000007,18709.659999999996
Finlandia,2016,61577.68000000004,187071809.3499999,18291.699999999997
Alemania,2010,94239.17,178971490.2200002,18285.729999999992
España,2015,68552.40999999999,190586757.11000007,18174.380000000005
Suecia,2006,44411.68,104394687.24000002,18087.010000000006
España,2017,63831.50000000003,188336075.26999998,17613.38000000001
España,2014,77748.14999999997,157809968.07000002,17540.399999999998
Corea,2011,102300.11000000002,190240608.88000008,16787.89
Finlandia,2015,57535.800000000054,157589766.43,16706.849999999995
Suecia,2007,44442.43000000001,92248732.53000003,16647.88
Italia,2014,63540.93999999999,126701071.20999996,16198.999999999996
Finlandia,2017,57492.54,169508924.04999995,15865.130000000001
España,2006,39780.400000000016,93861708.31,15831.63
Italia,2018,49847.700000000004,144143004.89999992,15632.609999999997
Reino Unido,2010,74585.65,142360751.12999997,14881.020000000004
España,2013,57726.970000000016,107322855.00999999,14687.049999999997
Corea,2013,53132.43000000002,98978376.12000002,14645.520000000002
Corea,2010,69277.46000000002,131776409.93000004,14548.290000000003
Finlandia,2007,38182.579999999994,79959987.48,14162.460000000003
España,2011,92282.34999999998,170545759.12999988,13967.179999999998
Suecia,2008,43321.13999999999,84233774.97,13936.000000000005
España,2012,74704.50000000001,134318797.52,13932.52
Corea,2009,50596.810000000005,107152912.59999998,13824.37
España,2008,46676.909999999974,90208255.36999997,13748.150000000001
Reino Unido,2018,50311.189999999966,146018969.53999993,13618.490000000003
España,2018,44477.16999999998,129289071.31,13450.679999999991
Finlandia,2014,52223.170000000035,105306492.44,13030.240000000002
Finlandia,2006,31357.32,74014709.83000001,12934.849999999995
Finlandia,2018,42649.72999999998,123984527.32000002,12804.049999999992
España,2009,44434.990000000005,96027892.78000002,12700.479999999998
Finlandia,2013,43381.74,81440607.86999999,12350.329999999994
Corea,2012,61877.05,111359732.33999997,12335.63
Francia,2017,43338.439999999995,128111238.71999995,12323.72000000001
Países Bajos,2006,30436.11999999999,71571146.41,12130.320000000003
Corea,2007,32251.929999999982,66713437.57,11899.370000000004
Suecia,2009,40204.30000000002,86570960.05000001,11867.909999999998
Países Bajos,2007,32424.069999999996,67305671.73,11687.279999999993
Corea,2008,37406.24,73369819.19999997,11628.62
Finlandia,2008,37322.99,73099596.14,11609.500000000002
Francia,2009,39402.40999999998,85230364.05,11430.74
España,2010,53865.539999999964,102213665.40000004,11357.380000000012
Finlandia,2012,51061.60000000003,91573526.22999997,10995.279999999999
Noruega,2017,36809.58000000001,108526333.52999999,10583.170000000002
Suecia,2016,33906.6,103153668.64,10493.829999999998
Noruega,2015,35729.99,98393638.17000005,10388.370000000003
Australia,2017,40245.01000000002,118887895.99000008,10241.1
Corea,2006,24537.700000000008,58003724.290000014,10051.54
Suecia,2014,40972.28999999999,82126110.02000003,10030.870000000003
Italia,2009,32404.379999999997,73464133.28999999,10020.580000000002
Francia,2014,40987.03000000001,82297782.22000001,10014.3
Suecia,2015,34413.39,94271343.20000002,9863.009999999997
Noruega,2016,32024.000000000007,97195493.0,9860.48
Noruega,2007,26517.250000000007,55058345.85000001,9754.850000000002
Francia,2016,31780.96999999999,95809449.30000001,9703.159999999994
Italia,2013,32893.9,61240115.89000001,9522.67
Francia,2013,33731.240000000005,63027384.16,9431.039999999997
Francia,2007,27078.070000000018,55924206.38999999,9197.980000000001
Australia,2018,32474.980000000003,94471016.29000005,8924.110000000002
Malasia,2015,33811.18,93543625.02,8564.07
Noruega,2014,34880.51999999999,69855069.61999999,8474.289999999999
Australia,2016,32405.729999999996,98714899.28999998,8457.749999999998
Suecia,2017,28848.98,85029790.51,8252.179999999998
Noruega,2013,26610.649999999994,50005666.190000005,7862.219999999999
Francia,2010,37080.98999999999,70564512.99999999,7754.739999999997
Finlandia,2011,50840.62999999999,93956207.80999997,7743.200000000001
Suecia,2013,25739.560000000005,48027754.08000003,7718.05
Países Bajos,2016,27370.059999999987,83932623.69000003,7654.539999999997
Francia,2008,26661.679999999982,50744308.01,7498.669999999998
Australia,2015,30755.840000000007,84768858.51999995,7478.629999999998
Italia,2011,44872.31,82265437.12,7367.769999999999
Noruega,2018,23263.940000000006,67691185.27000003,7356.829999999999
Noruega,2006,18818.309999999998,44655811.01000001,7334.550000000001
Suecia,2012,33910.349999999984,60939835.29,7221.449999999998
Países Bajos,2015,27376.880000000012,75845055.37,7134.860000000001
Suecia,2010,32582.04,61914917.40999999,7129.469999999998
Suecia,2011,42709.95999999999,78860726.63000001,7067.119999999998
Francia,2012,36088.25,64997959.659999974,7050.559999999995
Noruega,2010,32163.76999999999,61432010.719999984,6916.179999999999
Finlandia,2010,32172.019999999997,60817139.79000002,6853.559999999999
Francia,2011,43358.18000000001,80599107.93,6722.319999999998
Israel,2017,23586.969999999983,69597564.17,6706.959999999995
Francia,2018,22444.930000000004,65391218.140000015,6661.049999999998
Francia,2015,25532.010000000002,69169499.13000003,6660.709999999998
Italia,2012,31659.21999999999,56905215.75999999,6476.95
Francia,2006,19081.35,45200706.21000001,6443.390000000001
Países Bajos,2017,24676.759999999987,72647352.18,6329.729999999998
Noruega,2008,19549.920000000002,38050254.919999994,6141.059999999999
Países Bajos,2008,20189.460000000006,38859390.96999999,5866.74
Italia,2010,28312.00999999999,53943126.69,5857.44
México,2015,40720.98000000001,109056120.09,5857.269999999999
Países Bajos,2014,27863.220000000012,56600349.29000001,5792.900000000003
Noruega,2009,18885.099999999995,41066608.650000006,5717.67
Finlandia,2009,18824.770000000004,40039936.16000001,5628.689999999997
Países Bajos,2018,20873.129999999994,61138430.08,5627.83
Australia,2014,26643.019999999986,53468256.00999997,5606.2699999999995
Israel,2018,17936.370000000006,51890827.66,5550.690000000001
Noruega,2012,27080.789999999997,48632733.10999999,5530.669999999997
Australia,2013,22153.86000000002,41431778.739999995,5504.149999999997
Rusia- Federación de,2015,23772.480000000003,64604077.42,5418.650000000002
Malasia,2018,18503.990000000005,53425568.309999995,5353.13
México,2016,30027.060000000005,91130510.2500001,5126.089999999998
Noruega,2011,30648.96,57439160.779999994,5112.029999999999
Rusia- Federación de,2017,23699.189999999995,70024083.27999997,4861.620000000001
Israel,2015,16164.239999999998,44965098.870000005,4781.77
Malasia,2016,17971.699999999997,54508767.36999999,4738.39
Israel,2013,15582.29,29333557.930000003,4702.539999999997
Malasia,2017,18257.29,54121435.93000001,4638.67
Israel,2007,12507.560000000003,25584532.990000002,4565.6500000000015
Rusia- Federación de,2016,20191.950000000008,61250835.129999995,4553.280000000001
Israel,2016,14917.230000000001,45597362.71999998,4534.029999999998
Rusia- Federación de,2014,23953.489999999998,47859355.77,4481.280000000001
China,2018,16821.27,48472356.33999999,4368.68
Suecia,2018,13939.759999999997,40368409.059999995,4312.71
Israel,2014,15018.499999999998,30049123.539999995,4147.999999999999
Dinamarca,2006,11104.459999999997,26232134.619999994,4048.3499999999995
Rusia- Federación de,2018,17693.16,51608829.93,3995.9
Israel,2006,9866.879999999994,23245574.979999993,3893.04
México,2014,26246.46,53016032.21000003,3840.9999999999995
Israel,2008,12635.129999999997,24233848.169999998,3767.0699999999993
Malasia,2014,17133.21,34462895.51999998,3654.21
Rusia- Federación de,2013,21650.809999999998,40636676.34,3651.2400000000007
Australia,2012,20150.049999999992,36245025.15,3622.740000000001
México,2017,29255.979999999996,86428106.04,3562.349999999999
República Dominicana,2015,10299.44,31502130.260000005,3509.72
Australia,2011,22201.250000000004,41369668.79000001,3388.3899999999985
Rusia- Federación de,2012,32733.580000000005,58659826.25999999,3363.8
Países Bajos,2013,12956.640000000003,24295351.98,3327.7700000000004
Dinamarca,2007,10393.570000000002,21459189.389999997,3263.750000000001
Taiwán- Provincia de China,2017,12299.429999999995,36219194.61,3132.63
Taiwán- Provincia de China,2018,11097.989999999998,32055703.02,3122.9100000000003
Rusia- Federación de,2008,21301.400000000005,42543742.800000004,3059.8699999999994
Israel,2012,14363.58,25861609.99,3022.9399999999996
Australia,2010,15962.930000000004,30261191.009999987,3017.2600000000007
Australia,2007,9116.81,18886993.780000005,3006.68
México,2018,28546.630000000012,83092211.86999997,2975.7799999999997
Polonia,2007,14084.690000000006,29191288.4,2959.18
Polonia,2006,11984.170000000004,28275661.68,2924.0800000000004
Australia,2006,7691.030000000002,18062594.669999998,2762.4700000000016
Rusia- Federación de,2011,29150.440000000002,53867053.02999999,2706.4500000000007
Taiwán- Provincia de China,2016,9871.47,29787208.939999998,2669.899999999999
Países Bajos,2009,9634.910000000002,21337675.900000002,2641.340000000001
China,2017,12006.779999999997,35449458.52999999,2589.28
Australia,2008,9560.53,18539427.56,2585.6000000000004
Australia,2009,10234.510000000004,22095551.300000004,2528.2700000000004
Dinamarca,2008,9910.090000000002,19387350.849999998,2523.46
Rusia- Federación de,2009,23629.72,50199286.00999999,2520.3999999999996
Rusia- Federación de,2007,16260.819999999996,33579454.78,2393.34
China,2015,9320.12,25821333.809999984,2352.379999999999
Taiwán- Provincia de China,2015,9109.969999999998,24082861.11,2319.5100000000007
Rusia- Federación de,2010,23335.96,44346731.669999994,2246.7
Dinamarca,2016,7764.63,23608426.279999994,2246.37
Portugal,2008,6849.96,12994623.29,2175.3199999999997
Dinamarca,2014,9597.429999999997,19423459.39,2152.8499999999995
Dinamarca,2015,9029.1,24785947.980000004,2108.1200000000003
República Dominicana,2016,5619.14,17208216.439999998,2027.0600000000002
Países Bajos,2012,9376.720000000001,16879459.490000002,1867.67
Jordania,2015,6108.699999999998,17101101.9,1813.0300000000007
Israel,2011,10848.339999999997,20132012.87000001,1790.3100000000002
Rumania,2016,5970.009999999999,18196442.52,1784.4900000000002
México,2013,17766.059999999994,33235240.009999998,1778.8600000000004
China,2016,7605.84,23026094.099999998,1766.1399999999999
Nueva Zelandia,2018,6069.789999999999,17742669.849999994,1738.81
Nueva Zelandia,2017,6916.41,20406760.650000006,1704.3899999999999
Nueva Zelandia,2016,6593.97,20105549.86,1701.6700000000003
México,2007,10008.460000000008,20647929.15,1699.1099999999997
China,2014,6781.600000000001,13458814.91,1683.9099999999999
Rumania,2018,5199.89,15163396.979999999,1682.7000000000003
Austria,2006,4001.82,9353810.399999999,1678.42
Dinamarca,2017,6550.549999999998,19278004.07,1654.91
Portugal,2007,4520.5599999999995,9392303.3,1645.7800000000002
México,2006,10246.640000000003,24112776.229999997,1643.7799999999997
Israel,2010,7457.360000000001,14319937.66,1609.24
Dinamarca,2013,7392.990000000001,13843195.220000003,1590.8600000000006
Rumania,2015,5491.639999999999,15011435.969999999,1582.0600000000002
Portugal,2017,5293.700000000001,15559675.039999997,1579.4899999999998
México,2012,18325.57999999999,33052864.53999999,1560.1400000000003
Ecuador,2007,15084.33999999999,31064373.060000002,1537.8300000000002
México,2009,13544.46,29037327.479999993,1525.6100000000004
Países Bajos,2010,7516.380000000001,14373797.179999998,1520.9500000000005
Polonia,2008,7177.670000000001,14373685.149999999,1516.0800000000004
Grecia,2016,5165.499999999999,15622174.82,1511.4600000000007
Rumania,2017,5046.85,14895872.650000002,1455.05
Sudáfrica,2008,4489.720000000001,8661841.540000001,1441.97
México,2008,11036.640000000005,22437780.96,1441.72
Israel,2009,4919.250000000001,10888499.629999999,1438.71
Venezuela,2006,8634.460000000003,20184339.56,1437.8099999999997
Jordania,2017,4892.59,14485351.12,1398.81
Ecuador,2006,12275.880000000003,28924793.100000005,1395.7900000000002
Ecuador,2008,15242.159999999996,29778375.11,1393.6499999999999
Dinamarca,2012,7614.969999999999,13660316.149999999,1393.16
Taiwán- Provincia de China,2014,6734.300000000001,13314331.51,1383.3499999999997
Rumania,2014,5856.09,11706194.93,1374.98
Nueva Zelandia,2015,5518.239999999998,15141748.579999998,1354.09
Chile,2018,14382.040000000003,41864082.28000001,1328.0700000000002
Estonia,2007,7425.330000000001,15258093.52,1315.2200000000005
Dinamarca,2018,4791.420000000001,13897319.129999999,1310.87
Taiwán- Provincia de China,2013,5631.06,10486598.25,1310.12
Dinamarca,2009,5688.360000000001,12374895.95,1309.9600000000003
Chile,2016,12284.729999999996,37099401.790000014,1306.5500000000002
Grecia,2018,4214.65,12253572.089999998,1291.3100000000004
Nueva Zelandia,2009,4708.629999999999,10229650.530000001,1257.6100000000006
Polonia,2018,8720.070000000002,25249124.84,1254.6000000000004
Portugal,2006,2936.9700000000007,6985703.770000001,1251.3800000000006
Siria- República Árabe,2006,3145.74,7339019.790000001,1248.6
México,2011,17394.37,32236081.73,1239.0700000000004
Rumania,2013,4038.359999999999,7591227.129999999,1234.6599999999999
Perú,2016,9969.880000000003,30134149.75,1229.7700000000004
China,2013,5114.599999999999,9574395.890000002,1202.5900000000004
Ecuador,2009,15648.659999999994,32779234.880000006,1190.6299999999999
Perú,2017,12119.029999999999,35802406.6,1186.0899999999995
Argentina,2017,4073.52,12008587.920000002,1185.25
Chile,2017,13608.879999999996,40192517.660000004,1180.3299999999997
Malasia,2013,6226.69,11580625.579999998,1170.5800000000004
Rusia- Federación de,2006,9375.03,22266211.290000003,1167.94
México,2010,12597.4,23793709.199999996,1161.7600000000002
República Checa,2007,3015.0700000000006,6112026.53,1154.9
Eslovenia,2016,3652.7799999999993,10944345.579999998,1139.2200000000003
Polonia,2016,7595.530000000002,23110794.83,1136.92
Rumania,2006,2760.1999999999994,6496635.260000001,1135.16
Ecuador,2010,13569.579999999996,25777718.559999995,1132.7800000000002
Dinamarca,2011,9725.210000000001,17855651.43,1129.4800000000002
Nueva Zelandia,2014,5327.139999999999,10814636.170000002,1122.84
Rumania,2007,2965.3899999999994,6162718.169999999,1117.82
Grecia,2017,3908.320000000001,11562248.919999998,1114.5300000000002
Ecuador,2015,17103.880000000005,46884146.720000006,1111.1699999999998
Perú,2013,8349.86,15684014.8,1102.9899999999996
Nueva Zelandia,2013,4442.109999999999,8246435.860000001,1095.3600000000001
Polonia,2017,7393.440000000001,21837366.139999997,1089.6300000000003
Eslovenia,2014,4467.2300000000005,8900228.26,1086.72
Estonia,2008,7714.220000000001,15267446.85,1079.41
Países Bajos,2011,7132.02,13133656.549999999,1063.4
Suiza,2006,3846.4700000000003,9159339.74,1052.28
Jordania,2018,3323.0700000000006,9716245.32,1031.99
Ecuador,2017,14599.28,43263522.71000001,1031.2300000000002
Ecuador,2018,16079.47,46987636.59000002,1030.2799999999997
Perú,2015,7472.36,20759873.16,1017.0500000000001
Siria- República Árabe,2008,3689.990000000001,7509835.5,1016.4899999999999
Perú,2012,9531.65,17149661.200000007,1016.2899999999998
Nueva Zelandia,2012,5622.739999999999,10099602.51,1012.2900000000002
Perú,2014,14893.02,28729631.240000006,1011.3499999999997
Grecia,2015,3631.4099999999994,9956264.970000003,1005.4199999999998
Nueva Zelandia,2007,2721.4799999999996,5645189.08,976.4499999999998
China,2012,5971.5599999999995,10652456.499999996,968.0300000000001
Venezuela,2007,9738.929999999998,20195708.18,961.1599999999996
Portugal,2018,2955.5299999999997,8643205.649999999,959.96
Ecuador,2011,12268.98,22629397.609999996,944.3800000000001
Irlanda,2017,3412.01,10085807.459999997,939.51
Perú,2010,5142.520000000001,9713923.95,908.7000000000003
Siria- República Árabe,2009,3333.89,6984934.709999999,905.05
Taiwán- Provincia de China,2012,5598.07,10092632.919999998,902.88
Ecuador,2016,11921.059999999994,35632931.54999998,895.1000000000001
Marruecos,2006,2183.3599999999997,5226030.439999999,895.03
Ecuador,2013,15701.900000000003,29299071.639999993,891.3499999999999
Eslovenia,2015,2929.8200000000006,8356126.21,889.62
Rumania,2008,2730.7799999999997,5340434.16,887.32
Nueva Zelandia,2008,3031.6,5907513.630000002,883.7700000000001
República Checa,2006,2121.9700000000007,4989762.17,881.4400000000002
Chile,2014,13722.350000000002,27524226.68999999,873.4300000000003
Chile,2015,12365.320000000002,33948322.85,872.5300000000004
Chile,2010,6242.250000000003,11749206.499999996,867.7000000000004
Venezuela,2008,9392.820000000002,18682408.01,863.5799999999999
Ecuador,2012,13173.79,23648891.98,851.0899999999996
Dinamarca,2010,5620.850000000001,10717513.650000002,850.67
Perú,2009,3563.719999999999,7759818.5600000005,849.0899999999999
Nueva Zelandia,2010,3921.1099999999997,7464763.160000001,837.4100000000002
Nueva Zelandia,2006,2059.6299999999997,4839411.550000001,826.9199999999998
Austria,2007,2247.3399999999997,4565359.03,823.28
Irlanda,2018,2802.4300000000003,8157685.820000003,803.9200000000001
Grecia,2007,2135.12,4505706.59,798.6199999999999
Siria- República Árabe,2007,2220.77,4628131.069999999,797.09
Sudáfrica,2015,2809.580000000001,7504178.780000001,785.15
Nueva Zelandia,2011,4978.09,9240656.88,783.0
Siria- República Árabe,2011,4622.16,8786587.41,779.2400000000001
Grecia,2013,2493.5400000000004,4668704.909999999,765.7600000000002
Suiza,2007,3117.9500000000003,6756448.15,758.4399999999998
Eslovenia,2018,2322.75,6693671.029999999,753.4100000000001
Ecuador,2014,12732.180000000002,25225102.070000008,750.64
Rumania,2012,3355.5299999999997,6023351.320000001,743.0
Grecia,2008,2313.29,4587656.04,734.9000000000001
Grecia,2014,2895.05,5843639.5600000005,725.1100000000001
Jordania,2013,2381.67,4479643.75,714.9500000000002
Polonia,2015,4596.34,12348957.919999998,710.4299999999998
Irlanda,2006,1841.6299999999999,4334699.18,709.53
Portugal,2009,2364.45,5002516.3100000005,704.9199999999998
Turquía,2018,2214.750000000001,6449887.459999999,686.97
Polonia,2009,5390.069999999999,12397577.170000002,686.4100000000001
Portugal,2014,2694.5099999999998,5446995.130000001,682.3
Chile,2011,6139.7699999999995,11165967.919999998,682.0200000000001
Eslovenia,2008,2275.9,4558461.73,681.09
Perú,2011,6022.700000000001,11078038.630000003,676.9600000000002
Marruecos,2008,2179.2999999999997,4087382.4599999995,676.8
Perú,2007,3811.7700000000023,7833852.430000002,676.5400000000002
Eslovenia,2017,2337.6200000000003,6892690.58,674.74
Taiwán- Provincia de China,2006,2492.6400000000003,5860025.76,671.2
Perú,2018,7565.480000000003,21931595.32999999,668.5599999999996
Polonia,2014,4487.959999999999,8934500.52,666.4499999999999
Venezuela,2010,9671.339999999998,18514220.509999994,660.8000000000001
Bulgaria,2008,2155.54,4048651.1,659.7900000000002
Perú,2008,3896.9700000000007,7454676.990000002,650.9100000000002
República Dominicana,2017,1846.81,5373101.68,644.9100000000001
Sudáfrica,2007,1959.2899999999997,3992520.3499999996,643.31
China,2008,2144.27,3989041.84,641.8
Marruecos,2007,1721.0700000000002,3541808.91,641.5299999999999
Sudáfrica,2018,1954.26,5696567.58,641.16
Jordania,2014,2003.5200000000002,4171331.67,638.68
Argentina,2018,2828.150000000001,8156594.320000001,629.2599999999998
Grecia,2009,1911.56,4287081.339999999,621.26
Líbano,2018,1919.6499999999999,5681087.05,619.6099999999999
Taiwán- Provincia de China,2007,2685.7400000000002,5572795.7,611.67
Sudáfrica,2016,1999.53,6068568.480000001,609.5899999999999
Grecia,2006,1521.28,3595183.09,606.57
Chile,2013,8502.629999999996,15817899.490000006,604.3499999999999
China,2006,1594.6899999999998,3797397.0400000005,604.25
Siria- República Árabe,2015,2256.81,5826597.339999999,598.4699999999999
Taiwán- Provincia de China,2010,3381.3600000000006,6548743.059999999,592.5100000000001
Suiza,2008,2303.63,4270173.550000001,578.73
Taiwán- Provincia de China,2008,2701.43,5164359.47,576.1
Sudáfrica,2014,2098.85,4114408.25,571.58
Portugal,2013,1869.0200000000002,3534251.8299999996,566.4
Portugal,2015,2111.7299999999996,5658458.5,565.63
Ucrania,2018,1700.8400000000001,4975633.05,564.8799999999999
Irlanda,2016,1962.6699999999996,5901213.660000002,560.3100000000001
Venezuela,2011,5281.840000000001,9871071.580000002,553.6400000000001
Malasia,2012,4105.410000000001,7386031.249999999,552.91
Taiwán- Provincia de China,2009,2359.4399999999996,5173954.9,547.6099999999999
Malasia,2011,7456.11,13822888.400000002,547.1800000000001
Siria- República Árabe,2017,2283.9100000000003,6744248.77,544.36
Turquía,2017,1884.9900000000002,5554360.7700000005,535.97
Portugal,2016,1692.8,5201463.640000001,527.9999999999999
Líbano,2015,1813.2700000000002,5010811.620000001,527.06
Sudáfrica,2017,1768.74,5226396.07,526.6400000000001
Sudáfrica,2009,1948.02,4157480.7000000007,523.1999999999999
Venezuela,2009,6470.370000000001,14110276.530000001,522.7100000000002
Marruecos,2012,2503.5799999999995,4483592.75,522.5799999999999
Irlanda,2015,2140.36,5899416.470000001,522.2300000000001
Argentina,2014,2285.21,4677146.63,521.13
Argentina,2016,1950.1699999999996,5943286.080000001,516.04
Argentina,2007,1678.3799999999997,3484216.13,514.55
Letonia,2007,1703.8100000000002,3467907.7,512.06
China,2007,1357.12,2828795.6,509.2199999999999
Argentina,2015,2174.8299999999995,5915859.640000001,508.27000000000004
Jordania,2016,1526.18,4804573.619999999,492.92
Marruecos,2015,1703.28,4611064.470000001,489.53
Taiwán- Provincia de China,2011,3340.06,6170184.92,489.1700000000001
Sudáfrica,2006,1470.5800000000002,3499014.039999999,483.75
Rumania,2011,2808.0,5221942.24,480.71000000000004
Polonia,2012,4419.150000000001,7964291.550000001,478.2399999999999
Eslovenia,2009,1805.23,3723706.630000001,473.69
Líbano,2014,1736.0300000000004,3530277.2199999993,471.39
Siria- República Árabe,2010,2019.4099999999999,3931131.9699999997,468.38000000000005
Chile,2009,3135.53,6815211.220000002,466.7600000000001
Jordania,2007,1279.5900000000001,2667940.27,466.33
Grecia,2012,2133.55,3834400.7300000004,465.16
Argentina,2008,1672.87,3163951.9399999995,462.89000000000004
República Checa,2008,1495.97,2740884.04,462.39
Singapur,2016,1803.1699999999994,5497736.73,460.71999999999997
Argentina,2012,2429.47,4382392.96,458.82000000000005
Suiza,2018,1954.18,5577842.1899999995,455.8299999999999
Argentina,2011,2764.9199999999996,5068278.01,450.16
Marruecos,2013,1463.5900000000001,2740508.16,446.49999999999994
Jordania,2008,1382.0100000000002,2953261.73,446.41999999999996
Líbano,2017,1530.76,4530543.399999999,440.71999999999997
Eslovenia,2010,2021.1899999999998,3843132.46,437.2300000000001
Líbano,2016,1473.43,4506487.010000001,430.74000000000007
Chile,2006,1242.8999999999996,2936828.2499999995,429.36999999999995
Perú,2006,2046.66,4869682.1899999995,428.3199999999999
Arabia Saudita,2018,1706.2500000000002,4947510.080000001,427.62000000000006
Siria- República Árabe,2016,1477.1100000000001,4495044.960000001,425.36000000000007
Marruecos,2014,1661.8899999999996,3389608.02,424.83
Marruecos,2017,1474.12,4340567.859999999,422.78000000000003
Chile,2012,6430.689999999998,11531835.510000004,420.42
Chile,2008,2304.9200000000005,4304775.449999999,417.46999999999986
Argentina,2009,1714.6399999999999,3756743.5900000003,415.44
Bulgaria,2009,1263.01,2973349.72,414.88
Argentina,2006,1163.7700000000002,2718500.11,413.46
Jordania,2009,1273.6100000000001,3063114.92,413.11
Estonia,2009,2310.82,5505110.01,411.59
Sudáfrica,2010,2159.37,4126263.1199999996,411.58000000000004
Bulgaria,2006,974.4000000000001,2291410.8600000003,409.65999999999997
Siria- República Árabe,2013,1375.3499999999997,2566895.06,408.03
Marruecos,2016,1344.52,4151760.8600000003,406.2900000000001
Arabia Saudita,2016,1376.6599999999996,4252819.630000001,404.14
Jordania,2010,1893.6,3624330.4600000004,404.04
Portugal,2011,2434.1499999999996,4394670.350000001,400.2600000000001
Marruecos,2009,1254.44,2795933.65,398.38999999999993
Polonia,2011,4177.09,7756612.039999999,392.78
Jordania,2012,1805.95,3220211.0700000003,388.18000000000006
Chile,2007,1665.04,3407860.6,387.72
Marruecos,2018,1165.2300000000002,3394088.1999999997,387.32
Bulgaria,2007,982.97,2019026.13,385.89
Chipre,2018,1216.25,3521061.5900000003,384.52
Estonia,2006,3921.2200000000003,9263596.29,383.55
China,2011,3527.0000000000005,6516732.310000001,372.94999999999993
Singapur,2015,1625.76,4429160.970000001,370.07
Singapur,2018,1554.5300000000002,4475845.759999999,366.0199999999999
Irlanda,2012,1658.7700000000002,2988870.8600000003,365.62
Irlanda,2013,1301.16,2458144.4799999995,365.52000000000004
Argentina,2013,1551.8199999999997,2875172.1200000006,364.82
Panamá,2018,2127.04,6212726.1099999985,362.44999999999993
Egipto,2015,1359.42,3738627.32,354.95
Siria- República Árabe,2014,986.1500000000001,1985409.3099999998,351.1
Irlanda,2007,914.04,1936328.1099999999,348.25
Irlanda,2014,1271.9199999999998,2497729.0999999996,347.55
Polonia,2013,3840.2300000000005,7180117.98,342.44
Suiza,2017,1592.23,4661643.3,340.38
Emiratos Árabes Unidos,2018,1511.8999999999999,4354342.3100000005,339.31
Hong Kong,2008,1103.31,2130397.2800000003,338.25
Egipto,2018,1122.4,3201478.37,337.5
Singapur,2014,1811.8600000000004,3751988.0599999996,337.2199999999999
Líbano,2007,945.74,1961185.06,333.92
Hong Kong,2013,1282.86,2394080.33,333.8800000000001
Líbano,2013,1189.3500000000004,2204064.09,332.92
Singapur,2017,1274.4199999999998,3763138.6100000003,332.0900000000001
Emiratos Árabes Unidos,2017,1374.36,4014970.689999999,331.93
Letonia,2009,1146.03,2589457.0599999996,329.6
Norfolk- Islas,2016,981.27,3016908.88,326.98999999999995
Jordania,2006,779.1800000000001,1860211.67,325.62
Hong Kong,2010,1681.27,3249019.45,315.07
Líbano,2008,1019.11,1980245.2999999998,311.75
Sudáfrica,2012,1271.2599999999998,2295654.58,310.62
Hong Kong,2017,1131.9299999999998,3335129.49,310.15999999999997
Ucrania,2017,1048.25,3068440.2399999993,305.3
Singapur,2012,2314.9400000000005,4166508.19,305.2800000000001
Estonia,2017,1297.3999999999996,3809639.17,304.32
Argentina,2010,1584.8200000000002,3019201.4500000007,300.69
Eslovenia,2006,798.1199999999999,1902395.72,298.76
Hong Kong,2009,1133.3200000000002,2536495.3299999996,298.68
Líbano,2012,1376.89,2483510.1999999997,293.94
Turquía,2014,1232.5499999999997,2448279.8899999997,293.82
Estonia,2018,907.68,2615495.6799999992,293.67
Sudáfrica,2013,959.0099999999999,1788793.18,292.00000000000006
Panamá,2017,2048.3399999999997,6040331.66,290.63
Marruecos,2010,1290.82,2509678.13,290.47
Eslovenia,2011,1816.43,3382080.9299999997,289.81
Arabia Saudita,2015,1087.7399999999998,2983318.21,289.65
Polonia,2010,2434.81,4562446.03,289.06
Irlanda,2011,1721.8799999999997,3136656.6899999995,288.71999999999997
Turquía,2016,967.9499999999999,2963806.9099999997,288.5
Irlanda,2010,1292.1999999999998,2471647.27,288.31
Letonia,2008,1203.87,2484039.73,287.03
Costa Rica,2010,520.52,990919.0700000001,284.16999999999996
Ucrania,2016,1107.46,3408001.37,281.77
Eslovenia,2007,799.67,1635408.5699999998,278.52
Estonia,2016,1328.88,4032472.71,278.07
Egipto,2017,1023.7,3018036.0700000003,276.28
Hong Kong,2006,697.0700000000002,1612471.2400000002,275.31000000000006
Siria- República Árabe,2012,1458.39,2651428.68,272.59999999999997
Singapur,2008,1044.3899999999999,2014399.0999999999,271.92
Panamá,2011,684.1800000000001,1258118.68,270.33000000000004
Costa Rica,2011,579.9499999999999,1073614.28,268.82
Singapur,2013,1794.15,3342784.7600000002,263.69000000000005
Letonia,2011,1718.6000000000001,3162624.1800000006,261.1
Malasia,2006,2543.66,6138041.7299999995,260.72999999999996
Malasia,2009,3724.5600000000004,8087621.949999999,260.46
Emiratos Árabes Unidos,2015,988.3299999999998,2835423.9,257.44
Portugal,2012,1205.2900000000002,2176456.54,254.61000000000004
Líbano,2010,1143.7199999999998,2188582.9299999997,253.79
Líbano,2006,626.29,1462404.5199999998,253.54
Turquía,2013,857.79,1617637.27,251.12999999999997
Marruecos,2011,1533.0900000000001,2822782.56,250.98999999999998
Turquía,2015,889.9300000000001,2407415.94,250.36
Egipto,2016,965.0099999999998,2972161.97,245.49000000000004
Líbano,2009,882.8400000000001,1873752.3900000001,244.89
Arabia Saudita,2007,715.81,1517137.33,236.8
Grecia,2010,1075.3799999999999,2052376.6700000004,236.01000000000005
Eslovenia,2012,1124.8700000000001,2008153.82,233.84
Siria- República Árabe,2018,770.66,2192344.54,233.44
Hong Kong,2016,818.9199999999997,2494179.2,232.82999999999998
República Checa,2013,757.1099999999999,1417738.7799999998,232.75000000000003
Estonia,2013,735.3000000000001,1395945.45,231.56
Irlanda,2008,727.79,1373722.01,229.13999999999996
Hong Kong,2011,1480.9899999999998,2758013.12,226.95999999999998
Panamá,2010,563.2700000000001,1073467.3000000003,226.84
Singapur,2009,987.1899999999998,2158220.76,226.39999999999992
Hong Kong,2015,908.91,2410744.11,225.5
Costa Rica,2016,1246.9299999999998,3788834.5799999996,224.17000000000002
Hong Kong,2007,667.62,1374776.46,220.65
Líbano,2011,1438.6999999999998,2662084.85,218.39
Portugal,2010,1006.6300000000001,1933297.71,215.95000000000002
Eslovenia,2013,622.4300000000001,1182821.38,215.03
Jordania,2011,1283.45,2389708.3899999997,211.85999999999999
Arabia Saudita,2017,899.61,2636980.99,211.54000000000002
República Checa,2014,866.4699999999999,1736269.78,209.79
Arabia Saudita,2013,751.49,1411156.07,209.51
Estonia,2010,1138.75,2179151.32,207.78
Grecia,2011,1209.31,2259630.2100000004,206.18000000000004
Letonia,2013,928.3000000000001,1711953.7099999997,206.07999999999998
Hong Kong,2014,818.5600000000001,1657360.06,205.03
Costa Rica,2017,1002.5900000000001,2958452.0900000003,204.39999999999998
Hong Kong,2012,1057.97,1896453.2300000002,202.51999999999998
Suiza,2016,746.1999999999999,2203799.4299999997,198.07999999999998
Austria,2008,663.5299999999999,1309177.55,195.4
Panamá,2016,1894.17,5784740.97,194.75000000000009
Islandia,2009,670.01,1490873.8599999996,193.23000000000002
Letonia,2014,730.8299999999999,1411143.9,192.58999999999997
Islandia,2007,535.5,1115955.12,190.68
Egipto,2013,636.3100000000001,1189235.03,186.75
Egipto,2009,651.8399999999999,1317505.23,185.99
Malasia,2008,2121.13,4217015.930000001,185.61999999999998
Jamaica,2017,643.08,1883665.1099999996,185.28
Malasia,2010,1373.09,2628857.35,184.87000000000003
Costa Rica,2018,1170.2099999999998,3411588.8899999997,182.16000000000003
Islandia,2017,636.26,1896040.5900000003,181.63
Lituania,2008,648.88,1207933.7000000002,179.51999999999998
Hong Kong,2018,662.26,1926275.59,178.03999999999996
República Checa,2012,857.77,1541053.65,171.51
Islandia,2006,423.58000000000004,1008954.52,170.17000000000002
Arabia Saudita,2014,696.4399999999999,1380712.62,168.96
Singapur,2007,903.25,1867536.3899999997,168.53
Venezuela,2014,2094.1600000000003,4143776.83,167.53000000000003
Arabia Saudita,2011,1102.4,2067646.8699999999,165.51
Letonia,2010,893.5000000000001,1693223.9,162.63
Costa Rica,2012,946.2200000000003,1700022.1300000001,162.03
Jamaica,2016,491.01,1482792.5699999998,157.85000000000002
Singapur,2010,1194.89,2285388.57,157.74
Estonia,2015,721.2699999999998,2093821.63,157.03
China,2010,1000.5699999999999,1928453.79,155.48
Vietnam,2013,645.22,1206216.1,153.94
Vietnam,2018,464.14,1362274.4700000002,153.85000000000002
Croacia,2008,456.12999999999994,864299.47,153.41
Emiratos Árabes Unidos,2014,693.16,1390850.1199999999,153.16
Venezuela,2012,2432.379999999999,4365169.64,152.56
Singapur,2006,639.28,1495026.15,150.5
Venezuela,2015,1611.8200000000004,4317077.0600000005,150.07
Jamaica,2018,448.31,1297332.02,146.84
Croacia,2011,814.8499999999999,1497565.08,137.47
Islandia,2015,543.76,1418272.7600000002,135.71
Egipto,2012,681.07,1214880.09,135.27
Islandia,2016,459.2699999999999,1410266.7999999998,134.51000000000002
Egipto,2014,590.24,1139937.1,131.39000000000001
Malasia,2007,1534.13,3137022.0499999993,130.82999999999998
China,2009,515.8499999999999,1080850.64,124.41999999999999
Puerto Rico,2010,1216.22,2315983.7499999995,122.9
Panamá,2009,755.6699999999998,1666012.72,122.31
Puerto Rico,2008,1317.6500000000003,2565409.7,121.76
Sudáfrica,2011,718.72,1317312.1400000001,121.53
Guatemala,2011,258.32,468738.84,121.52000000000001
Costa Rica,2015,1082.8099999999997,2959246.650000001,120.65999999999998
Singapur,2011,2240.99,4119226.63,119.48
Emiratos Árabes Unidos,2006,456.63,1061298.2000000002,119.06
Venezuela,2013,1622.77,3050321.5700000003,117.60999999999999
Turquía,2007,323.07,640634.18,116.09
Panamá,2014,1694.12,3487764.6699999985,115.99
Puerto Rico,2009,1389.7499999999998,3026646.159999999,115.71999999999998
Islandia,2012,531.04,961315.8699999999,114.73
Arabia Saudita,2012,529.38,951834.8899999999,114.06000000000002
Panamá,2012,1367.3700000000001,2467157.15,111.52000000000001
Emiratos Árabes Unidos,2007,370.18999999999994,778222.2600000001,111.27
Venezuela,2016,870.32,2583664.89,111.05
Panamá,2015,1465.83,3980350.3199999994,110.33000000000003
Turquía,2012,494.43,893208.8999999999,109.35
República Checa,2011,673.7699999999999,1260476.7900000003,108.64999999999999
Letonia,2018,452.16,1341945.21,108.10000000000001
Antillas Holandesas,2011,1454.9199999999998,2681464.3000000003,106.93999999999998
República Checa,2009,311.87,704475.63,106.19999999999999
Colombia,2007,634.9400000000002,1310215.7200000004,105.77
Letonia,2017,497.60999999999996,1486852.7000000002,103.25999999999999
Antillas Holandesas,2009,1102.71,2397957.32,103.23
India,2017,399.3299999999999,1188373.3399999999,102.98000000000002
Antillas Holandesas,2012,1495.3799999999999,2695934.1499999994,102.95999999999997
ZFP Bogotá,2011,977.6499999999996,1806903.8700000013,101.23000000000005
Guatemala,2017,903.2500000000002,2675469.460000001,100.14999999999999
Puerto Rico,2007,954.3500000000001,1985077.64,97.87
Colombia,2008,593.9300000000001,1139332.0999999999,97.36
Vietnam,2014,361.46,701347.31,96.99000000000001
Rumania,2009,323.61,695876.53,96.86
Turquía,2008,323.61,654357.66,96.51
Egipto,2006,242.37000000000003,559447.56,96.27999999999999
Indonesia,2006,228.05999999999997,529102.11,96.16
Irlanda,2009,316.81000000000006,697401.2700000001,96.13000000000001
Islandia,2011,585.24,1072420.47,96.12
Curazao,2016,1063.9399999999996,3249429.1400000006,95.68999999999997
Curazao,2015,1183.4299999999998,3251301.5799999996,94.62999999999998
Suiza,2011,2069.92,3665429.0399999996,94.55
Aruba,2016,971.82,2950699.9899999998,93.93
Arabia Saudita,2008,331.42,623172.99,92.95
Curazao,2017,969.98,2868429.4200000004,91.81999999999998
El Salvador,2015,1704.11,4568617.1899999995,90.22999999999999
Antillas Holandesas,2014,1132.96,2253937.07,90.09999999999998
Arabia Saudita,2006,235.20000000000002,569129.35,90.08
El Salvador,2016,1791.340000000001,5373185.700000001,89.42
Guatemala,2018,866.5600000000001,2534907.26,89.35000000000001
Antillas Holandesas,2013,1098.2000000000003,2065081.5699999996,88.07000000000001
Panamá,2013,1183.9599999999998,2214632.1699999995,87.79
Suiza,2009,314.61999999999995,637378.59,86.55000000000001
Brasil,2018,492.81,1453759.0000000005,86.0
El Salvador,2017,1462.8899999999999,4326012.529999998,84.85000000000002
Antillas Holandesas,2010,1065.1499999999999,2005772.0200000005,84.0
ZFP Bogotá,2006,450.71000000000004,1053636.9199999997,83.78
Puerto Rico,2006,802.6800000000001,1876806.6299999997,83.7
Bolivia,2017,1182.2099999999994,3492202.240000001,83.21
El Salvador,2011,608.8200000000002,1101667.9699999997,81.80999999999997
Guatemala,2010,276.78000000000003,520327.55000000005,81.74000000000001
Emiratos Árabes Unidos,2016,356.19,1105691.71,81.58
Guatemala,2012,355.23999999999995,637654.38,81.09
Suiza,2013,332.77,620172.3099999999,80.79
Aruba,2018,784.2299999999999,2291279.94,80.5
Costa Rica,2014,788.7899999999998,1572740.9,80.41000000000001
Suiza,2010,508.39000000000004,944462.39,80.39
ZFP Bogotá,2010,613.9199999999998,1168037.7,79.80000000000003
Islandia,2013,341.23,627461.6,79.62
Aruba,2017,774.26,2276445.87,78.81
Egipto,2011,538.93,987196.16,78.4
El Salvador,2014,1378.96,2790453.8799999994,78.1
Kuwait,2015,366.53999999999996,1010022.2,78.09
Macao,2012,360.36,643247.1,77.7
Egipto,2008,262.61,522250.7,77.63999999999999
Islandia,2010,347.74,651915.68,77.6
Macao,2017,265.8,787484.0800000001,77.58
Macao,2018,241.03,701028.03,77.53999999999999
Islandia,2018,240.87,710189.35,77.45
Albania,2008,250.70999999999998,494927.55000000005,77.27000000000001
Estonia,2012,310.96,558630.2,76.97
Antillas Holandesas,2006,635.18,1493027.97,76.44000000000001
Curazao,2018,804.2799999999999,2321839.0599999996,76.36
El Salvador,2018,1114.5200000000002,3288984.62,74.36000000000001
Guatemala,2016,586.86,1794522.06,73.7
Trinidad y Tobago,2007,886.2299999999999,1825096.5000000002,73.61
Brasil,2017,389.5400000000001,1152087.0200000003,72.86
Arabia Saudita,2009,281.40000000000003,589711.72,72.47
Puerto Rico,2011,673.38,1257869.29,70.74999999999999
Estonia,2014,390.51,840078.71,70.02000000000001
Irán- República Islámica de,2017,249.3,727081.94,65.75999999999999
Aruba,2012,993.1500000000001,1789453.35,65.74999999999999
Suiza,2015,251.31,713655.23,65.27000000000001
República Checa,2010,335.53000000000003,625800.2300000001,65.02000000000001
Antillas Holandesas,2007,580.7400000000001,1203138.0,64.92000000000002
Bolivia,2015,988.4799999999999,2708151.1899999995,63.52999999999999
Trinidad y Tobago,2017,704.6499999999999,2080663.81,63.190000000000005
Costa Rica,2013,682.24,1277700.77,63.09
Trinidad y Tobago,2018,678.4499999999999,1959687.7200000002,62.65999999999999
Trinidad y Tobago,2012,768.2699999999999,1387649.6899999997,62.20000000000001
Indonesia,2011,749.26,1391280.1800000002,61.870000000000005
Antillas Holandesas,2008,640.3399999999999,1262132.27,61.86999999999999
Ucrania,2014,418.98999999999995,856231.6399999999,61.57000000000001
El Salvador,2010,507.59000000000003,969788.96,61.440000000000005
Guatemala,2014,652.5899999999999,1279953.1100000003,61.39
Trinidad y Tobago,2015,893.8499999999999,2504811.920000001,61.32000000000001
Liberia,2013,263.11,467307.95,61.2
Bolivia,2016,708.14,2144005.3099999996,61.07
Letonia,2012,656.19,1173446.8199999998,61.01
Libia,2013,202.39,384771.13,59.92
Puerto Rico,2012,601.67,1081985.9100000001,59.83
Trinidad y Tobago,2016,739.0700000000002,2240554.09,59.71999999999999
Aruba,2015,778.6700000000002,2166677.9499999997,59.31999999999999
Egipto,2010,277.9,531129.6799999999,59.150000000000006
Argelia,2015,193.72,518264.95999999996,59.09
Aruba,2013,883.1600000000001,1673380.2399999998,58.81999999999999
El Salvador,2012,822.48,1477390.9699999997,58.56
Egipto,2007,166.34,341855.27,58.45
Bolivia,2018,826.4100000000001,2418271.81,58.39999999999999
Trinidad y Tobago,2011,504.32,945881.7,58.11999999999999
Jamaica,2006,139.98,333190.56,57.83
Jamaica,2015,195.82,548027.38,57.68
Georgia,2017,205.23,598524.35,57.64
Reunión,2016,185.79,554341.52,57.63000000000001
Rumania,2010,257.15999999999997,494700.14,57.510000000000005
Aruba,2014,758.1499999999997,1530384.4100000001,56.41999999999999
Panamá,2008,524.14,1006617.4000000001,56.14
Trinidad y Tobago,2008,694.91,1270088.2700000003,55.730000000000004
Puerto Rico,2014,630.4000000000001,1278310.55,54.17999999999999
Guatemala,2015,472.4,1223288.6900000002,54.14
Estonia,2011,406.2,775056.6100000001,53.800000000000004
Oman,2015,195.76,533454.1399999999,53.8
Bolivia,2010,931.9300000000002,1774691.89,52.830000000000005
ZFP Bogotá,2009,334.89000000000004,668595.7399999999,52.019999999999996
Costa Rica,2009,309.62,715799.1799999999,51.81
Venezuela,2017,439.55000000000007,1312690.1700000002,50.91
Aruba,2009,569.3100000000002,1185549.4900000002,50.39999999999999
Vietnam,2016,137.03,407221.9,50.39
Trinidad y Tobago,2014,766.65,1529829.9999999995,50.17999999999999
Uruguay,2018,547.18,1584316.76,50.13
Panamá,2007,436.32000000000005,909202.3300000002,50.01999999999999
Venezuela,2018,453.11,1333610.26,48.900000000000006
Uruguay,2017,652.0699999999999,1926973.1999999997,48.07
Paraguay,2017,842.81,2491957.45,47.870000000000005
Trinidad y Tobago,2013,659.8000000000002,1241304.62,47.57
Aruba,2010,668.9099999999999,1259994.37,47.27000000000001
Bolivia,2014,763.3800000000001,1537770.7099999997,47.2
Costa Rica,2008,366.84999999999997,746833.7,46.510000000000005
Aruba,2011,630.8900000000001,1174840.49,45.82
Bolivia,2013,786.6100000000001,1468254.1500000001,45.72
Puerto Rico,2018,459.25,1356667.46,45.580000000000005
Paraguay,2011,470.83,851536.51,45.27
Trinidad y Tobago,2006,467.69999999999993,1105128.76,45.06
Guatemala,2008,224.00000000000003,461399.6699999999,44.91
Colombia,2018,586.6100000000001,1703283.8800000006,44.1
ZFP Cucuta,2007,378.69000000000005,781068.75,44.02
El Salvador,2013,859.2600000000001,1611359.9699999997,43.93999999999999
Puerto Rico,2016,393.7,1202365.74,42.10000000000001
Bolivia,2008,606.37,1192354.6400000001,41.949999999999996
Reunión,2017,140.07999999999998,407838.91000000003,41.93
Hungría,2006,87.34,197835.03,41.7
Trinidad y Tobago,2009,521.4300000000001,1145824.9600000002,41.52
Aruba,2006,376.81,898044.97,40.920000000000016
Colombia,2009,230.21999999999997,530825.0900000001,40.24
Indonesia,2010,186.27999999999997,363885.03,40.019999999999996
Croacia,2013,133.47,248742.66999999998,39.93
Suiza,2014,107.27000000000001,213920.43,39.769999999999996
Guatemala,2009,237.93,559312.29,39.61
Macao,2015,153.69,404658.35,39.39
Indonesia,2018,120.32,361949.56000000006,39.279999999999994
Macao,2014,143.89,311195.49,39.26
Albania,2015,144.94,396696.98,39.22
Libia,2018,130.15,383659.02,39.2
Georgia,2010,171.74,329146.93,39.2
Uruguay,2011,200.6,377057.24000000005,39.169999999999995
Argelia,2017,143.72,423578.65,39.16
Georgia,2016,145.86,435304.12,39.120000000000005
Emiratos Árabes Unidos,2012,243.62,438308.64,38.65
Puerto Rico,2015,427.35999999999996,1148041.26,38.63999999999999
Polinesia Francesa,2013,130.73,243601.59,38.56999999999999
Albania,2017,132.53,389253.16000000003,38.54
Indonesia,2008,122.7,220305.35,38.510000000000005
Albania,2012,170.92000000000002,313170.43,38.510000000000005
Indonesia,2016,129.98000000000002,378821.0,38.510000000000005
Georgia,2015,138.95,374114.56,38.489999999999995
Turquía,2009,139.12,296034.98,38.489999999999995
Islandia,2008,123.28999999999999,222430.82,38.480000000000004
Madagascar,2007,106.16,213500.28,38.480000000000004
Albania,2013,124.0,237557.3,38.46
Jamaica,2014,137.63,299769.87,38.45
Georgia,2012,187.59,333136.19,38.41
Argelia,2016,120.51,376760.6,38.4
Chipre,2017,184.18,545472.06,38.370000000000005
Islandia,2014,160.58,304650.31,38.18
Brasil,2014,278.90999999999997,593190.92,38.099999999999994
Surinam,2012,339.28,604786.9099999999,37.7
Vietnam,2015,115.02000000000001,300125.11,37.49
Georgia,2014,179.18,357297.44,37.46
Puerto Rico,2017,373.71000000000004,1099818.5500000003,37.43
Turquía,2011,253.88,485831.93,37.41
Trinidad y Tobago,2010,479.1600000000001,908958.4,36.83
ZFP Centro Logístico del Pacífico CELPA,2012,398.80999999999995,706910.3799999999,36.8
Macao,2013,132.32999999999998,241237.95,36.75
Uruguay,2016,451.93,1379282.1099999999,36.59
Paraguay,2018,604.75,1775657.5600000003,36.43999999999999
Bolivia,2007,430.3299999999999,873294.1,36.32000000000001
Emiratos Árabes Unidos,2011,221.59,410775.83,36.25000000000001
Bolivia,2012,703.6299999999998,1269309.08,36.14999999999999
Puerto Rico,2013,508.2,943456.1099999998,35.87
Emiratos Árabes Unidos,2013,142.64,266675.56,35.44
Barbados,2011,154.6,282640.98999999993,35.349999999999994
Macao,2007,95.38,195726.67,35.0
Macao,2011,209.26999999999998,383357.47,34.980000000000004
Honduras,2018,239.41,691874.88,34.769999999999996
Indonesia,2013,286.57,512297.98,34.6
Paraguay,2015,744.4000000000001,2046646.7000000002,34.21
Uruguay,2012,360.82,647592.73,34.160000000000004
Colombia,2017,463.62,1370688.1699999995,34.120000000000005
Guatemala,2013,285.3,530930.13,33.99
Uruguay,2015,575.09,1519934.48,33.38999999999999
India,2016,197.70999999999998,607881.51,33.08
Bolivia,2011,371.75000000000006,695939.48,31.559999999999995
India,2018,104.18,303742.48,31.2
Paraguay,2016,523.88,1579878.4899999998,30.79
Indonesia,2012,462.86,827278.72,30.78
Uruguay,2013,488.8200000000001,922403.68,30.47
Paraguay,2012,314.90999999999997,562750.83,29.610000000000003
Surinam,2009,372.38000000000005,843005.76,29.430000000000003
República Dominicana,2011,178.19,333544.11,28.92
Aruba,2007,293.46999999999997,597765.02,28.89
República Dominicana,2010,230.60999999999999,440255.68,28.470000000000002
Gibraltar,2007,76.35,162578.47999999998,28.0
Barbados,2012,186.00000000000003,334811.29,27.169999999999995
Emiratos Árabes Unidos,2009,104.21000000000001,254854.07,26.68
Colombia,2016,327.97999999999996,989642.62,26.470000000000002
Aruba,2008,289.03999999999996,598325.5100000001,26.110000000000003
Surinam,2018,323.6,945338.65,25.480000000000004
Surinam,2011,289.58,533603.5899999999,25.389999999999997
República Dominicana,2012,192.98,345690.68,25.06
Uruguay,2014,382.55,739457.8,24.05
Nicaragua,2018,219.85,650237.02,22.93
Surinam,2008,282.15,575362.33,22.66
Turquía,2006,139.63,329215.64,22.53
Honduras,2016,197.82,601099.7100000001,22.189999999999998
ZFP Bogotá,2012,221.43,400087.54,21.89
Honduras,2017,164.62,486508.17999999993,21.58
Surinam,2007,245.01999999999998,506214.63,21.560000000000002
Bonaire- San Eustatios y Saba,2016,79.34,252361.64,21.55
Serbia,2016,72.36,224326.95,20.87
Bulgaria,2018,76.3,226891.09,20.790000000000003
Fiji,2009,70.78,161889.52,20.61
Suiza,2012,97.58,172218.78,20.27
República Dominicana,2018,243.41,705312.23,20.240000000000002
Libia,2009,79.79,159620.13,19.98
Ucrania,2013,64.48,122129.44,19.98
Croacia,2018,57.94,174646.62,19.97
Argelia,2013,68.81,130390.56,19.94
Albania,2007,47.88,94897.69,19.93
Georgia,2009,85.04,172602.77,19.93
Macao,2016,81.87,237283.13999999998,19.93
Croacia,2012,83.42,152705.71,19.92
Montserrat,2009,58.09,129396.53,19.91
Libia,2012,89.5,160288.13,19.9
Croacia,2017,68.17,198097.98,19.86
Georgia,2011,96.76,172988.48,19.79
Irán- República Islámica de,2006,48.81,114618.58,19.59
Turquía,2010,89.64,170291.15000000002,19.46
Honduras,2015,173.72,461127.08999999997,19.419999999999998
Indonesia,2015,78.86,192564.34,19.28
Indonesia,2017,64.65,193586.24,19.28
Túnez,2006,48.57,109472.56,19.28
Armenia,2015,67.99,162272.76,19.27
Armenia,2016,57.81,191593.76,19.27
Libia,2014,58.76,120216.75,19.27
Libia,2017,63.42,190562.19,19.27
Croacia,2010,93.48,169676.81,19.27
Jamaica,2013,47.99,92535.5,19.26
Argelia,2012,93.4,170725.92,19.26
Irán- República Islámica de,2016,70.76,207607.27,19.25
Irán- República Islámica de,2018,62.62,177580.32,19.25
Vietnam,2006,51.41,120229.36,19.25
Polinesia Francesa,2015,58.12,177118.56,19.25
Macao,2008,64.73,112569.48,19.25
Georgia,2013,56.78,107261.76,19.25
Polinesia Francesa,2008,58.19,106094.53,19.25
Indonesia,2014,85.25,157931.52,19.24
Reunión,2009,69.84,140293.99,19.23
Polinesia Francesa,2018,65.96,190998.5,19.23
Túnez,2007,46.24,92572.09,19.23
Argelia,2018,59.87,168015.3,19.22
Irán- República Islámica de,2015,54.96,180666.61,19.22
Yugoslavia,2008,59.19,101214.97,19.22
Polinesia Francesa,2006,55.92,140836.6,19.22
Armenia,2014,55.99,114361.6,19.2
Albania,2016,62.66,186280.08,19.2
Albania,2014,88.79,175434.54,19.2
Argelia,2007,45.42,88947.73,19.2
Polinesia Francesa,2007,59.09,131368.26,19.18
Centroafricana- Republica,2008,66.0,115402.78,19.16
ZFP Parque Industrial Dexton,2009,64.2,142979.28,19.16
Georgia,2018,61.18,174487.75,19.14
República Dominicana,2013,263.11,490453.62000000005,18.979999999999997
Lituania,2018,62.79,175290.36,18.95
Bolivia,2009,254.76999999999995,527766.68,18.550000000000004
Paraguay,2013,364.46,681585.13,18.330000000000002
Qatar,2018,176.46,513139.54000000004,18.21
Oman,2016,58.57,195727.8,18.02
Emiratos Árabes Unidos,2010,90.69,172959.45,18.0
Arabia Saudita,2010,87.86,169730.29,17.95
Bahrein,2008,67.31,157936.6,17.95
Feroe- Islas,2009,70.83,160968.81,17.89
Corea- República Democrática,2008,75.51,138569.22,17.85
Feroe- Islas,2012,78.71,140119.31,17.54
Georgia,2006,46.08,109536.25,17.53
Vietnam,2009,64.51,128505.03,17.52
Surinam,2006,200.95000000000002,481105.32999999996,17.3
Lituania,2011,365.86,684483.51,16.990000000000002
Surinam,2010,199.66,375151.84,16.89
Paraguay,2014,374.57,752740.98,16.84
Filipinas,2018,50.61,150507.87,16.599999999999998
Surinam,2014,276.45,532398.2699999999,16.14
Surinam,2013,274.7499999999999,514230.8400000001,16.05
Uruguay,2008,116.08,226162.97999999998,15.879999999999999
Guyana,2013,175.60000000000002,329167.34,15.52
Lituania,2017,99.53999999999999,295378.12,15.18
Barbados,2013,226.20999999999998,416872.17,15.169999999999998
Colombia,2015,209.79000000000005,582624.2800000001,14.839999999999996
ZFP Bogotá,2014,305.90999999999997,618095.2199999999,14.61999999999999
Panamá,2006,123.42999999999998,289385.28,14.14
Uruguay,2007,132.7,264387.59,14.089999999999998
Gibraltar,2006,33.38,81795.12,14.0
Gibraltar,2008,45.01,76378.85,14.0
Gibraltar,2009,49.05,114557.65,14.0
Belice,2012,70.10000000000001,126146.72,13.8
Brasil,2016,130.67,397736.66,13.77
Paraguay,2010,184.16,348643.9600000001,13.509999999999998
Surinam,2016,176.19,527290.6399999999,13.43
Belice,2011,37.19,67591.63,13.15
República Dominicana,2008,141.62,263592.41000000003,12.99
Barbados,2010,148.67000000000002,283061.79,12.989999999999998
Guyana,2015,203.0,543984.62,12.900000000000002
Bolivia,2006,129.01000000000002,297894.53,12.88
República Checa,2016,78.0,223847.55,12.71
Uruguay,2009,130.13000000000002,284779.43999999994,12.339999999999998
Barbados,2015,208.19,591169.69,12.100000000000001
Barbados,2009,140.28,305211.95999999996,11.74
India,2012,72.18,130539.27,11.41
Barbados,2008,129.72,257869.06,11.35
El Salvador,2009,280.36,597978.43,11.35
Barbados,2014,180.57,363071.58999999997,11.310000000000002
República Checa,2018,69.85,206739.18,11.3
Guyana,2012,161.62999999999997,291678.56000000006,11.260000000000002
Surinam,2017,150.64,446863.23,11.170000000000002
República Dominicana,2009,116.45,249667.61999999997,11.16
ZFP Bogotá,2013,207.85999999999993,387256.81,11.109999999999998
Barbados,2007,106.51999999999998,222208.83000000005,10.58
Belice,2010,141.85,275321.86000000004,10.579999999999998
Albania,2011,32.06,57428.23,10.52
ZFP Bogotá,2008,56.96,129458.08,10.5
Barbados,2018,137.69,399542.20999999996,10.48
Barbados,2016,162.88000000000002,485879.29000000004,10.44
Surinam,2015,149.26,404273.57999999996,10.29
India,2015,389.29999999999995,1053904.9500000002,10.2
República Dominicana,2014,111.35,217627.49,10.180000000000001
Costa Rica,2007,74.05,152227.14,9.9
Chipre,2013,30.65,57715.34,9.74
Guyana,2016,168.05,504380.4300000001,9.629999999999997
ZFPE BIO D,2009,56.620000000000005,118227.10999999999,9.61
Guyana,2008,110.06,222794.88999999998,9.360000000000001
República Checa,2015,46.35,142087.85,9.1
Lituania,2009,168.48,378215.80000000005,9.05
Paraguay,2008,76.08000000000001,151446.02,8.77
Santa Lucia,2011,60.51,112201.57999999999,8.749999999999998
Guyana,2010,90.45999999999998,168022.75,8.53
Belice,2007,122.67999999999999,256201.92,8.48
Uruguay,2010,107.53000000000002,208742.33,8.44
Barbados,2017,133.90000000000003,393301.6999999999,8.379999999999999
Guyana,2009,104.86,242742.55000000002,8.129999999999999
Belice,2015,154.11,405771.4,8.1
Cuba,2007,63.669999999999995,128805.76000000001,8.069999999999999
Tailandia,2016,102.24000000000001,305259.62,7.96
Tailandia,2012,141.77,251859.22999999998,7.840000000000001
Guyana,2007,67.99,137380.69,7.53
República Dominicana,2006,55.769999999999996,134387.69999999998,7.290000000000001
Honduras,2013,102.64999999999999,187526.85,7.130000000000001
Cuba,2017,71.54,210691.02000000002,6.96
Austria,2017,47.11,138553.22,6.9
Dominica,2011,91.69999999999997,166868.37,6.860000000000001
Corea- República Democrática,2006,75.24,176128.56,6.84
República Dominicana,2007,60.4,129234.54999999999,6.7299999999999995
Guyana,2017,100.73,298537.75,6.57
Belice,2017,94.01,287091.57,6.51
Belice,2018,99.2,284769.29000000004,6.470000000000001
Belice,2014,110.72999999999999,222320.13999999998,6.34
Belice,2016,75.30999999999999,234137.14,6.24
Belice,2013,106.70000000000002,196420.31,6.21
Lituania,2007,94.72,199486.67,6.2
Granada,2011,76.54999999999998,139011.94999999998,6.14
Honduras,2012,127.37,228863.56,6.09
Austria,2016,37.269999999999996,113181.01,6.09
El Salvador,2007,112.29,226428.95,5.94
Lituania,2013,128.9,236500.85,5.93
Ucrania,2006,81.29,190407.69,5.83
ZFP Cartagena,2013,128.0,243391.51,5.789999999999999
Dominica,2016,147.64999999999998,441260.91000000003,5.749999999999999
Belice,2008,85.36,149557.2,5.68
Santa Lucia,2009,84.29999999999998,183162.90999999997,5.48
Belice,2006,79.98,187317.68,5.4399999999999995
India,2013,273.84,516062.39,5.43
Filipinas,2017,19.57,57888.78,5.359999999999999
Letonia,2006,76.25,174812.62,5.35
Austria,2013,29.080000000000002,53008.840000000004,5.22
Guyana,2018,84.75999999999999,241463.23,5.2
Camerún,2007,24.15,48058.72,5.08
Guyana,2014,81.49999999999999,154612.97,5.000000000000001
Bulgaria,2015,62.739999999999995,150526.81,4.91
ZFP Cartagena,2012,21.03,38215.42,4.88
Dominica,2014,115.33000000000001,239846.55000000002,4.83
Nigeria,2014,67.96,135955.85,4.82
El Salvador,2008,123.82,247589.54,4.79
Cuba,2009,44.83,102853.51999999999,4.77
Guyana,2011,70.03000000000002,130261.27,4.69
ZFP Cartagena,2008,12.74,22841.16,4.55
Tailandia,2015,72.48,205119.61000000002,4.54
Honduras,2014,68.7,143204.08000000002,4.48
Kuwait,2013,67.5,127678.72999999998,4.430000000000001
Granada,2008,60.61000000000001,117783.39000000001,4.35
Ucrania,2012,87.89,160086.83000000002,4.32
Bermudas,2013,53.96,97174.42,4.22
Paraguay,2007,23.96,48681.71000000001,4.21
Antigua y Barbuda,2011,24.060000000000002,43880.92,4.21
Santa Lucia,2014,71.37000000000002,142860.23,4.08
Guatemala,2007,23.869999999999997,47447.73,4.07
Santa Lucia,2017,74.48,220364.19999999998,4.05
Cuba,2016,44.84,137715.28999999998,4.03
Dominica,2018,96.09,284542.06,4.03
Nicaragua,2017,58.54,174242.4,3.92
Santa Lucia,2012,70.25,126327.34,3.9
Lituania,2010,73.63,145377.49,3.89
Santa Lucia,2008,54.120000000000005,109954.75000000001,3.8800000000000003
Santa Lucia,2015,69.75,191319.06999999998,3.8000000000000003
Santa Lucia,2018,64.38999999999999,187249.29,3.6900000000000004
Dominica,2017,97.1,287133.24,3.669999999999999
San Vicente y las Granadinas,2011,13.83,24978.980000000003,3.56
Dominica,2012,76.85999999999999,138237.04,3.49
Cuba,2018,31.180000000000003,90523.05,3.4699999999999993
Bulgaria,2016,44.85,133721.23,3.4000000000000004
Santa Lucia,2013,61.599999999999994,112246.30999999998,3.31
Austria,2014,34.65,72321.24999999999,3.29
Santa Lucia,2016,58.23,178542.86,3.2800000000000002
Dominica,2013,87.49000000000001,163481.78,3.28
ZFP Pacifico,2010,29.25,55074.969999999994,3.25
India,2014,259.47,525387.47,3.24
ZFP Bogotá,2015,56.63999999999999,139904.26,3.2299999999999995
Santa Lucia,2010,50.089999999999996,95856.10999999999,3.21
Dominica,2015,84.23999999999998,230536.09,3.2
Granada,2007,41.31,88925.85999999999,3.15
Barbados,2006,40.919999999999995,98034.42,3.08
Países no precisados en otra parte y desconocidos,2006,14.32,34213.39,3.06
ZFP Cucuta,2006,31.580000000000002,73146.28000000001,3.0
Dominica,2009,59.72,120549.32,3.0
Granada,2012,52.220000000000006,92939.28,2.9899999999999998
Santa Lucia,2007,35.39,75481.21,2.87
Granada,2010,52.580000000000005,100932.06,2.85
Dominica,2006,35.92,82918.65,2.84
Bermudas,2012,35.0,63611.54,2.84
Granada,2014,59.410000000000004,116205.05,2.7399999999999998
Kuwait,2007,34.19,68042.85,2.7
Dominica,2007,40.74,78058.59,2.69
Granada,2006,29.200000000000003,69329.83,2.5100000000000002
Antigua y Barbuda,2006,25.37,59270.34,2.5
Kuwait,2018,14.48,43120.89,2.5
Cuba,2013,36.1,68157.17,2.45
Kuwait,2006,31.67,71836.38,2.42
Cuba,2006,20.22,45768.34999999999,2.37
Cuba,2008,18.580000000000002,38094.22,2.3000000000000003
ZFPE BIO D,2008,11.2,25845.15,2.2
Brasil,2015,20.110000000000003,57127.340000000004,2.1699999999999995
ZFP Cartagena,2006,12.92,30213.43,2.16
Guayana Francesa,2007,26.23,58366.86,2.12
Antigua y Barbuda,2009,22.240000000000002,47619.96,2.0
Granada,2015,41.5,115704.68000000001,1.9900000000000002
Túnez,2016,3.98,12146.24,1.99
Cuba,2014,30.229999999999997,56956.689999999995,1.97
Filipinas,2010,100.0,182653.98,1.93
Costa de Marfil,2006,23.57,60793.15,1.92
Austria,2015,11.540000000000001,32488.17,1.9
Granada,2013,40.800000000000004,76721.45999999999,1.8900000000000001
Cuba,2010,19.28,36792.729999999996,1.87
Austria,2018,18.6,53690.57,1.78
Antigua y Barbuda,2012,15.049999999999999,26872.969999999994,1.78
Cuba,2015,26.61,67516.83,1.7799999999999998
Dominica,2010,34.81,64109.479999999996,1.77
Granada,2009,31.979999999999997,65031.770000000004,1.77
ZFP Barranquilla,2012,36.31999999999999,65744.76,1.75
Cuba,2012,39.69,70599.06,1.74
Guyana,2006,18.45,44196.3,1.71
Antigua y Barbuda,2017,32.19,95471.70000000001,1.6600000000000001
San Vicente y las Granadinas,2012,20.5,36735.439999999995,1.59
Nigeria,2016,14.530000000000001,45513.99,1.58
Granada,2017,31.01,91902.24999999999,1.5600000000000003
Antigua y Barbuda,2014,27.15,53543.030000000006,1.55
Nigeria,2017,13.74,40451.72,1.49
Tailandia,2011,101.27,179018.69,1.41
Antigua y Barbuda,2010,6.25,11666.17,1.4
San Vicente y las Granadinas,2017,25.700000000000003,75012.74,1.3299999999999998
Bahrein,2018,14.35,41803.170000000006,1.3
Antigua y Barbuda,2016,22.63,68166.62999999999,1.2400000000000002
ZFP Cartagena,2009,9.88,20198.49,1.24
Irak,2013,14.21,26080.01,1.21
Santa Lucia,2006,15.27,35743.770000000004,1.1800000000000002
Belice,2009,16.01,31647.71,1.14
San Vicente y las Granadinas,2018,23.85,70572.60999999999,1.12
Antigua y Barbuda,2008,13.59,27271.050000000003,1.11
Irak,2014,11.299999999999999,21622.809999999998,1.11
Territorio Británico del Océano indico,2009,68.62,164155.33,1.1
Brasil,2012,6.370000000000001,11444.38,1.08
ZFP Palmaseca,2010,16.1,30541.119999999995,1.04
Irak,2012,11.35,20469.09,1.0
Granada,2016,18.119999999999997,54081.92,0.9900000000000001
Antigua y Barbuda,2013,17.33,32109.28,0.98
Eslovaquia,2016,8.3,26074.6,0.96
Antigua y Barbuda,2007,11.51,24016.42,0.9400000000000002
Mongolia,2006,7.45,17664.07,0.9400000000000001
San Vicente y las Granadinas,2010,15.08,28886.809999999998,0.9400000000000001
San Cristóbal y Nieves,2011,3.08,5848.14,0.94
ZFP Cartagena,2010,36.370000000000005,70204.67,0.94
Granada,2018,18.68,53779.92,0.9299999999999999
Haití,2009,7.119999999999999,14277.46,0.89
San Vicente y las Granadinas,2016,15.51,46073.04,0.8500000000000001
Kuwait,2017,8.55,25544.95,0.81
Brasil,2009,7.95,17940.46,0.8
ZFP Cucuta,2010,7.81,15517.38,0.78
Bahrein,2017,5.89,16832.83,0.7
Oman,2008,5.01,8889.61,0.7
India,2008,37.37,67157.95,0.66
San Vicente y las Granadinas,2014,12.31,22889.9,0.64
Kuwait,2016,4.58,13543.16,0.63
Haití,2014,8.57,17896.18,0.63
Irak,2010,5.4,10527.5,0.6100000000000001
ZFP Santander,2014,12.75,24861.07,0.6000000000000001
Tailandia,2013,13.899999999999999,26143.940000000002,0.6
ZFP Palmaseca,2006,4.369999999999999,10306.19,0.5800000000000001
ZFP Cartagena,2011,5.99,11332.93,0.5700000000000001
Kuwait,2014,16.39,33240.39,0.54
San Cristóbal y Nieves,2012,2.79,4965.9,0.53
ZFP Santander,2013,10.350000000000001,18792.309999999998,0.52
Irak,2011,5.0,9359.849999999999,0.51
ZFP Palmaseca,2011,9.790000000000001,18102.100000000002,0.5
Brasil,2013,5.7,10750.08,0.5
Haití,2008,4.53,8092.96,0.5
Austria,2011,3.09,5698.08,0.43
ZFP Palmaseca,2012,7.95,14345.119999999999,0.41000000000000003
ZFP Barranquilla,2013,5.22,9884.37,0.4
Antigua y Barbuda,2015,7.83,19250.92,0.39
San Vicente y las Granadinas,2013,9.44,16717.73,0.39
San Cristóbal y Nieves,2017,5.73,16901.42,0.39
Caimán- Islas,2011,10.53,19510.95,0.39
Austria,2012,3.94,7085.700000000001,0.36
Martinica,2011,5.72,10296.779999999999,0.35
ZFP Pacifico,2011,5.01,9385.14,0.34
Eslovaquia,2017,3.63,10619.37,0.3
San Vicente y las Granadinas,2007,3.67,7211.320000000001,0.3
ZFP Barranquilla,2017,3.14,9460.32,0.3
ZFP Barranquilla,2006,1.36,3105.11,0.3
Haití,2007,2.5,5062.88,0.28
San Cristóbal y Nieves,2016,3.9999999999999996,11875.210000000001,0.27
ZFP Palmaseca,2009,1.8599999999999999,3799.41,0.26
San Vicente y las Granadinas,2008,3.9499999999999997,7229.27,0.26
Tailandia,2017,5.68,16513.42,0.25
San Cristóbal y Nieves,2015,4.25,11756.82,0.25
India,2007,8.76,18223.91,0.24
Antigua y Barbuda,2018,3.2,9560.82,0.23
San Cristóbal y Nieves,2018,2.29,6518.7,0.23
ZFP Barranquilla,2018,2.19,6093.84,0.2
San Vicente y las Granadinas,2015,3.13,9048.17,0.16999999999999998
San Vicente y las Granadinas,2009,2.66,5902.94,0.16
San Cristóbal y Nieves,2013,2.36,4456.49,0.15
ZFP Barranquilla,2015,1.98,4770.29,0.15
ZFP Barranquilla,2016,1.49,4453.53,0.15
San Vicente y las Granadinas,2006,1.41,3557.76,0.14
San Cristóbal y Nieves,2014,2.21,4358.01,0.13
Hungría,2018,1.57,4530.28,0.13
Nigeria,2015,2.04,6516.25,0.12
ZFP Santander,2015,2.7399999999999998,6602.26,0.12
República Checa,2017,2.11,6190.05,0.1
San Cristóbal y Nieves,2009,1.6,3173.49,0.09000000000000001
Filipinas,2014,0.29,563.4,0.07
ZFPE BIO D,2018,2.16,6327.16,0.06
India,2009,4.97,12161.74,0.06
ZFPE papeles del Cauca,2011,1.3,2492.91,0.06
Brasil,2011,0.32,608.64,0.05
Brasil,2010,0.05,94.17,0.04
Eslovaquia,2014,0.8,1543.88,0.03
Brasil,2008,0.7,1318.26,0.03
ZFP Candelaria,2011,0.32,601.66,0.03
Albania,2010,0.03,60.08,0.02
Nepal,2007,0.03,57.87,0.01
Costa Rica,2006,0.0,7.85,0.0
Brasil,2006,0.01,22.6,0.0
Malta,2010,0.0,14.42,0.0
